right_bound_x,right_bound_y,right_bound_z,left_bound_x,left_bound_y,left_bound_z
289.467200,699.542205,1.591735,299.296202,687.819094,-0.832109
287.892955,698.254067,1.592818,297.805835,686.532971,-0.839776
286.330839,696.950732,1.592114,296.319168,685.242168,-0.846840
284.779446,695.634179,1.590133,294.833556,683.949827,-0.852540
283.237035,694.306720,1.587444,293.350135,682.654631,-0.857102
281.702812,692.969512,1.584402,291.869085,681.356426,-0.860589
280.176079,691.623574,1.581270,290.390745,680.054871,-0.863074
278.655340,690.270821,1.578498,288.916891,678.748046,-0.864985
277.141761,688.910100,1.575856,287.446268,677.437485,-0.866025
275.634272,687.542853,1.573637,285.976871,676.125487,-0.865734
274.130866,686.171408,1.572300,284.507594,674.813342,-0.863882
272.627092,684.800833,1.572836,283.042722,673.496387,-0.861532
271.121243,683.432865,1.575494,281.583055,672.173911,-0.858891
269.616411,682.064185,1.579382,280.128065,670.846591,-0.855871
268.116312,680.690830,1.583510,278.678836,669.513353,-0.852809
266.622578,679.311109,1.587389,277.237235,668.172315,-0.850197
265.138002,677.922219,1.590339,275.803068,666.823785,-0.848063
263.663504,676.523330,1.592138,274.376936,665.467194,-0.846566
262.197751,675.115896,1.593123,272.958700,664.102775,-0.845671
260.740985,673.699812,1.593317,271.547041,662.731940,-0.845061
259.294127,672.274246,1.592596,270.137301,661.359416,-0.843659
257.855617,670.840884,1.591409,268.729133,659.985477,-0.841404
256.422294,669.402930,1.590500,267.327810,658.604829,-0.839461
254.992496,667.962027,1.590237,265.934254,657.216592,-0.838002
253.569785,666.514616,1.589823,264.548367,655.820908,-0.836984
252.154452,665.060402,1.589183,263.170675,654.417298,-0.836481
250.746207,663.599740,1.588433,261.800674,653.006274,-0.836382
249.346183,662.131510,1.587363,260.438867,651.587377,-0.836769
247.953222,660.656838,1.586274,259.085507,650.160404,-0.837662
246.563602,659.179268,1.585985,257.741531,648.724529,-0.839189
245.170816,657.704783,1.587873,256.404627,647.281998,-0.840770
243.778029,656.230288,1.591173,255.071855,645.835566,-0.841721
242.389881,654.751463,1.594797,253.742501,644.385866,-0.841893
241.007580,653.267181,1.598401,252.419543,642.930178,-0.841992
239.633352,651.775466,1.601403,251.104221,641.467405,-0.842342
238.270251,650.273657,1.603111,249.795683,639.998342,-0.842870
236.924046,648.756743,1.602315,248.490744,638.525822,-0.843013
235.595544,647.224280,1.598956,247.188365,637.050706,-0.842699
234.282332,645.678593,1.593673,245.889615,635.572006,-0.842239
232.981395,644.122516,1.587219,244.598805,634.085942,-0.842535
231.686669,642.561358,1.580968,243.316638,632.591996,-0.843638
230.391940,641.000450,1.576266,242.042396,631.090888,-0.845192
229.094696,639.441927,1.573702,240.774128,629.584358,-0.846575
227.797478,637.883564,1.572784,239.512316,628.072113,-0.847659
226.499042,636.326393,1.573824,238.257584,626.553771,-0.848396
225.201668,634.768545,1.576354,237.008630,625.030551,-0.848362
223.908949,633.207119,1.579685,235.763724,623.503997,-0.847193
222.622572,631.640896,1.583473,234.516256,621.979605,-0.843606
221.343522,630.069193,1.587512,233.266400,620.457203,-0.837844
220.073326,628.490963,1.591426,232.021161,618.931140,-0.831575
218.812038,626.906297,1.595076,230.782868,617.399623,-0.825498
217.559184,625.315636,1.598392,229.553818,615.860888,-0.820263
216.311535,623.721560,1.601874,228.335759,614.313627,-0.816351
215.068787,622.124248,1.605427,227.129902,612.756975,-0.814023
213.832253,620.522655,1.608691,225.936396,611.190883,-0.813257
212.601254,618.917276,1.611773,224.755175,609.615483,-0.813914
211.374982,617.308694,1.614887,223.584311,608.032312,-0.815449
210.157392,615.693875,1.617347,222.420667,606.443813,-0.817059
208.950733,614.071224,1.618893,221.261063,604.852381,-0.817980
207.754201,612.441448,1.619907,220.102274,603.260435,-0.817511
206.568682,610.803992,1.620384,218.946464,601.666334,-0.816037
205.393861,609.159269,1.620538,217.793048,600.070513,-0.813466
204.228487,607.508263,1.620652,216.643846,598.471653,-0.810173
203.067568,605.854724,1.621689,215.500118,596.868867,-0.806462
201.909127,604.200077,1.623918,214.361439,595.262478,-0.802292
200.756551,602.541846,1.626549,213.227498,593.652738,-0.797695
199.611607,600.878812,1.629134,212.101755,592.037175,-0.793470
198.473851,599.211272,1.631640,210.986080,590.414479,-0.790049
197.342532,597.539733,1.634124,209.881296,588.784111,-0.787621
196.218553,595.863494,1.636377,208.788143,587.145599,-0.786300
195.100739,594.183384,1.638636,207.706126,585.499322,-0.785893
193.990014,592.498724,1.640790,206.633300,583.846655,-0.785894
192.887832,590.808549,1.642697,205.566983,582.189465,-0.785659
191.794545,589.112671,1.644429,204.506943,580.527933,-0.785001
190.707318,587.413036,1.646652,203.453726,578.861756,-0.783916
189.625403,585.710246,1.649585,202.403876,577.193289,-0.781681
188.548935,584.004238,1.653229,201.351522,575.526474,-0.777230
187.476165,582.296267,1.657865,200.296357,573.861461,-0.770649
186.409574,580.584686,1.662904,199.246967,572.192597,-0.763809
185.352319,578.867468,1.667544,198.207590,570.517129,-0.757733
184.306306,577.143385,1.671217,197.179181,568.834482,-0.752820
183.271856,575.412279,1.673682,196.163398,567.143615,-0.749545
182.248586,573.674381,1.674891,195.160705,565.444269,-0.748075
181.237346,571.929166,1.674649,194.171466,563.736247,-0.748457
180.235318,570.178428,1.673510,193.194413,562.020415,-0.750310
179.239647,568.423978,1.672127,192.226228,560.298909,-0.752816
178.250149,566.665951,1.670726,191.265068,558.572936,-0.755400
177.265953,564.904940,1.669676,190.306896,556.845040,-0.757051
176.284271,563.142675,1.669702,189.352200,555.114977,-0.757631
175.304583,561.379558,1.671052,188.405129,553.380247,-0.757678
174.331218,559.612944,1.673044,187.463688,551.642193,-0.756688
173.365124,557.842418,1.675614,186.519482,549.905935,-0.753109
172.406722,556.067747,1.678746,185.565512,548.175697,-0.745810
171.455979,554.289079,1.682430,184.609264,546.446895,-0.736445
170.510217,552.508010,1.687006,183.656737,544.715923,-0.726420
169.569068,550.724723,1.692265,182.711916,542.980404,-0.716738
168.632922,548.938936,1.697821,181.777607,541.238639,-0.708155
167.704645,547.148839,1.702869,180.857330,539.488545,-0.701520
166.787516,545.352422,1.706595,179.953850,537.728494,-0.697440
165.882389,543.549093,1.708737,179.068238,535.957874,-0.696113
164.988379,541.739335,1.709440,178.199477,534.177252,-0.697241
164.102996,539.924466,1.709234,177.342821,532.389372,-0.699800
163.221616,538.107079,1.709068,176.494589,530.596297,-0.702919
162.342579,536.288047,1.709358,175.649112,528.801200,-0.705448
161.467239,534.466511,1.709945,174.800065,527.007588,-0.706218
160.595640,532.642436,1.710834,173.956684,525.210200,-0.706992
159.726367,530.816536,1.712138,173.123334,523.406614,-0.708663
158.861729,528.987481,1.713255,172.298578,521.597647,-0.711161
158.009259,527.151130,1.712618,171.481654,519.783722,-0.714570
157.174693,525.304369,1.709088,170.674687,517.963724,-0.719556
156.360720,523.445918,1.702140,169.879125,516.136886,-0.726573
155.566411,521.576408,1.691968,169.094866,514.303385,-0.735683
154.786906,519.698632,1.679509,168.321475,512.463579,-0.746715
154.015574,517.816301,1.666049,167.559214,510.617474,-0.759484
153.247308,515.932254,1.652645,166.806636,508.766035,-0.773399
152.479716,514.047889,1.639881,166.060107,506.911376,-0.787428
151.710939,512.164308,1.628284,165.315791,505.055689,-0.800570
150.938267,510.283025,1.618496,164.568555,503.201819,-0.811662
150.159472,508.405292,1.611005,163.814687,501.351801,-0.819935
149.375414,506.530759,1.605678,163.054053,499.505763,-0.825421
148.590459,504.657239,1.601640,162.288234,497.662971,-0.828587
147.811065,502.781536,1.597608,161.520478,495.821832,-0.830328
147.044089,500.900328,1.592193,160.751936,493.981819,-0.831226
146.292837,499.012111,1.584658,159.983336,492.142654,-0.831814
145.555014,497.118232,1.575275,159.215973,490.303748,-0.832658
144.827055,495.220610,1.564539,158.451411,488.464416,-0.834261
144.104596,493.321551,1.553133,157.692862,486.623138,-0.837305
143.384776,491.422531,1.541507,156.941813,484.779303,-0.842025
142.666252,489.524264,1.529898,156.199597,482.932373,-0.848508
141.943158,487.629631,1.519389,155.466122,481.082504,-0.856489
141.208147,485.742125,1.511312,154.739100,479.230915,-0.865216
140.456433,483.863930,1.506575,154.015696,477.379017,-0.873857
139.688892,481.994463,1.505074,153.293021,475.528188,-0.881621
138.909486,480.131652,1.506194,152.567308,473.680203,-0.887721
138.125128,478.272067,1.508792,151.832906,471.837648,-0.891198
137.338573,476.414311,1.512420,151.089247,470.000627,-0.892121
136.548906,474.558702,1.517170,150.342265,468.166227,-0.891757
135.758384,472.704069,1.522507,149.593728,466.333550,-0.890673
134.969402,470.849243,1.527792,148.845357,464.501701,-0.889385
134.186505,468.992083,1.532047,148.099294,462.669672,-0.888470
133.412557,467.131289,1.534648,147.356963,460.836795,-0.888334
132.646708,465.267267,1.535696,146.617232,459.003575,-0.888867
131.888269,463.400357,1.535325,145.877216,457.171277,-0.889585
131.133342,461.532297,1.534305,145.136146,455.340206,-0.890328
130.377504,459.665019,1.533475,144.396856,453.509063,-0.891473
129.620416,457.798585,1.532963,143.657289,451.678753,-0.892530
128.859130,455.934220,1.533315,142.916729,449.849506,-0.893233
128.092754,454.072200,1.534705,142.174480,448.021571,-0.893380
127.322737,452.211782,1.536843,141.429137,446.195498,-0.892687
126.550012,450.352480,1.539542,140.679185,444.371830,-0.890983
125.776100,448.493570,1.542454,139.922875,442.551229,-0.888099
125.004208,446.633644,1.544960,139.166348,440.731049,-0.885306
124.235891,444.772050,1.546687,138.412593,438.910019,-0.883277
123.472592,442.908217,1.547290,137.664448,437.086977,-0.882605
122.715164,441.041815,1.546586,136.923877,435.261204,-0.883658
121.960213,439.174269,1.545156,136.190084,433.433069,-0.886220
121.205201,437.306582,1.543469,135.460897,431.603508,-0.889733
120.447844,435.439622,1.542026,134.733228,429.773766,-0.893473
119.686208,433.574057,1.541288,134.005157,427.944576,-0.896911
118.921771,431.709193,1.541140,133.270923,426.118104,-0.898905
118.155169,429.844673,1.541628,132.526806,424.295649,-0.898780
117.387799,427.979836,1.542601,131.777339,422.475292,-0.897315
116.621562,426.113842,1.543765,131.024935,420.656000,-0.894973
115.857334,424.246297,1.544946,130.270857,418.837168,-0.892040
115.095319,422.377065,1.546046,129.516598,417.018132,-0.888829
114.336057,420.505874,1.546891,128.764725,415.197888,-0.885809
113.578530,418.633023,1.547612,128.015326,413.376365,-0.883022
112.822054,416.758710,1.548338,127.265665,411.554474,-0.880036
112.066177,414.882992,1.549238,126.516575,409.731859,-0.877044
111.308985,413.006461,1.550810,125.769339,407.907977,-0.874346
110.548414,411.129725,1.553687,125.024217,406.082666,-0.872130
109.782445,409.253319,1.558566,124.281739,404.255700,-0.870663
109.010726,407.377210,1.565934,123.542202,402.426903,-0.870217
108.234615,405.500758,1.575938,122.805564,400.596250,-0.870939
107.454341,403.623733,1.588841,122.071658,398.763746,-0.872854
106.670059,401.745936,1.604860,121.340099,396.929482,-0.875842
105.886044,399.865839,1.623514,120.608383,395.094235,-0.879364
105.107047,397.981853,1.644282,119.874618,393.258534,-0.882967
104.338011,396.092403,1.666644,119.139707,391.422033,-0.886663
103.579665,394.197359,1.690843,118.404121,389.584511,-0.890394
102.828813,392.297790,1.717781,117.667303,387.746119,-0.893862
102.081879,390.394864,1.748398,116.928526,385.907046,-0.896679
101.336387,388.489367,1.783394,116.187365,384.067401,-0.898463
100.591387,386.581644,1.823142,115.443320,382.227313,-0.898838
99.845056,384.672262,1.868130,114.691056,380.388354,-0.896618
99.096292,382.761599,1.918612,113.930975,378.550372,-0.891758
98.346288,380.849396,1.974209,113.170935,376.711161,-0.885642
97.598355,378.934839,2.033965,112.416311,374.869374,-0.879264
96.856266,377.017072,2.096690,111.670606,373.024258,-0.873302
96.125697,375.094777,2.160732,110.935800,371.175562,-0.868140
95.413667,373.166401,2.224136,110.211156,369.323741,-0.863598
94.722545,371.231703,2.285968,109.499449,367.468323,-0.860200
94.050557,369.291506,2.346295,108.804139,365.608686,-0.858586
93.392168,367.347473,2.406187,108.126714,363.744742,-0.858927
92.741915,365.401136,2.466882,107.467143,361.876762,-0.860966
92.098847,363.452795,2.528781,106.822041,360.005818,-0.863653
91.464583,361.502202,2.591753,106.184320,358.133703,-0.865052
90.839488,359.549361,2.655929,105.557137,356.259785,-0.865587
90.223574,357.594373,2.721461,104.946234,354.382919,-0.866414
89.617847,355.637084,2.788169,104.351635,352.503290,-0.867371
89.025309,353.676933,2.855367,103.772869,350.621175,-0.868304
88.450842,351.713068,2.921884,103.202524,348.738210,-0.867448
87.897982,349.744945,2.986842,102.641731,346.854191,-0.865325
87.363808,347.773316,3.050914,102.099761,344.967340,-0.864620
86.839320,345.799922,3.116292,101.581157,343.076935,-0.866727
86.321702,343.825203,3.183503,101.087451,341.182849,-0.872130
85.817429,341.847844,3.250522,100.616084,339.285703,-0.880074
85.332623,339.866778,3.315513,100.159552,337.386840,-0.888466
84.868898,337.881763,3.378009,99.718429,335.486116,-0.897531
84.428146,335.892504,3.437516,99.299471,333.582425,-0.909292
84.012815,333.898685,3.493434,98.904099,331.675599,-0.924272
83.621393,331.900623,3.546400,98.530906,329.765918,-0.942133
83.250369,329.898937,3.597755,98.172999,327.854413,-0.960882
82.895141,327.894338,3.649162,97.819859,325.942481,-0.977290
82.550867,325.887458,3.702172,97.479924,324.028948,-0.993787
82.213810,323.878753,3.757638,97.161409,322.112862,-1.012549
81.882340,321.868291,3.815510,96.864626,320.194377,-1.033120
81.562023,319.855392,3.873316,96.587492,318.273883,-1.054184
81.259232,317.839353,3.928399,96.326040,316.351923,-1.073933
80.976275,315.820083,3.979622,96.077629,314.428775,-1.091189
80.713278,313.797661,4.026707,95.848086,312.503959,-1.107708
80.471735,311.772122,4.069033,95.637420,310.577571,-1.123358
80.257094,309.743278,4.104846,95.441282,308.650073,-1.136675
80.067274,307.711597,4.135159,95.250811,306.722163,-1.144810
79.898019,305.677749,4.161790,95.064169,304.793906,-1.147417
79.748641,303.642051,4.185197,94.886923,302.864972,-1.146736
79.623925,301.604515,4.203745,94.727655,300.934996,-1.146072
79.521040,299.565597,4.218331,94.587333,299.004095,-1.145952
79.433266,297.525689,4.231216,94.460365,297.072604,-1.144496
79.361135,295.484855,4.242075,94.350201,295.140450,-1.142962
79.306815,293.443108,4.249994,94.260562,293.207630,-1.142655
79.263196,291.400538,4.257361,94.195313,291.274212,-1.144779
79.229836,289.357062,4.264185,94.155777,289.340360,-1.149486
79.212920,287.312613,4.268267,94.134753,287.406254,-1.153897
79.212639,285.267188,4.269913,94.130164,285.471961,-1.157227
79.229832,283.220909,4.269452,94.143712,283.537575,-1.160301
79.263780,281.173866,4.267998,94.181044,281.603361,-1.165581
79.317600,279.126253,4.265238,94.241109,279.669560,-1.173083
79.397766,277.078602,4.259223,94.315623,277.736106,-1.179846
79.495145,275.030888,4.253332,94.397221,275.802767,-1.183046
79.607272,272.983227,4.248264,94.487945,273.869678,-1.183260
79.739048,270.936074,4.242043,94.598458,271.937555,-1.184419
79.888793,268.889499,4.235158,94.732749,270.006875,-1.188187
80.061291,266.843963,4.225820,94.888846,268.077689,-1.194075
80.255508,264.799565,4.214361,95.062266,266.149737,-1.200543
80.460769,262.755391,4.204785,95.252672,264.223029,-1.207556
80.680464,260.711681,4.196105,95.464027,262.298020,-1.216631
80.918938,258.668927,4.187119,95.698814,260.375121,-1.228693
81.179534,256.627633,4.176877,95.954648,258.454292,-1.242601
81.462466,254.588138,4.165432,96.224951,256.534919,-1.255444
81.761611,252.550011,4.155074,96.494586,254.615082,-1.261143
82.066206,250.511917,4.149871,96.774089,252.696239,-1.263293
82.378417,248.474279,4.149293,97.072785,250.779961,-1.265438
82.707444,246.438625,4.150182,97.390071,248.866489,-1.267584
83.057170,244.405910,4.151098,97.724767,246.955903,-1.269413
83.427426,242.376429,4.151915,98.069643,245.047175,-1.268293
83.813846,240.349759,4.153900,98.424963,243.140456,-1.264339
84.214754,238.325837,4.157255,98.796583,241.237019,-1.259821
84.636852,236.306225,4.158992,99.179679,239.336117,-1.253125
85.075819,234.290379,4.160156,99.576274,237.438265,-1.245232
85.528203,232.277692,4.161566,99.990245,235.544448,-1.237973
85.994734,230.268352,4.162644,100.421177,233.654700,-1.231705
86.473408,228.261872,4.164065,100.872884,231.770016,-1.228455
86.956932,226.256253,4.168791,101.349055,229.891403,-1.230244
87.458871,224.254545,4.172180,101.850168,228.019141,-1.237704
87.987024,222.258690,4.171773,102.374897,226.152995,-1.250379
88.545091,220.269878,4.166511,102.920162,224.292248,-1.266598
89.137459,218.289772,4.154934,103.478075,222.434797,-1.282430
89.756724,216.316882,4.139945,104.040775,220.578381,-1.293714
90.398141,214.350406,4.123489,104.610518,218.723722,-1.300280
91.056088,212.389224,4.107849,105.185426,216.870420,-1.300694
91.722908,210.431354,4.096064,105.769867,215.020113,-1.296308
92.399312,208.477404,4.087745,106.358820,213.171462,-1.285200
93.082576,206.526746,4.083701,106.956982,211.326248,-1.269512
93.765677,204.577039,4.086369,107.571446,209.487182,-1.252608
94.449963,202.628573,4.095031,108.207489,207.656442,-1.237349
95.143236,200.683916,4.106570,108.868365,205.835543,-1.225809
95.844274,198.742413,4.121460,109.553799,204.024651,-1.218511
96.556171,196.804972,4.138691,110.263076,202.223709,-1.215595
97.284709,194.873717,4.156320,110.992637,200.431464,-1.215810
98.033843,192.950268,4.173176,111.742361,198.648024,-1.218990
98.803132,191.034662,4.189721,112.507506,196.871612,-1.222915
99.592861,189.127369,4.205947,113.281384,195.099519,-1.224421
100.408848,187.231508,4.219347,114.058619,193.329477,-1.220837
101.246651,185.345750,4.231189,114.832189,191.558309,-1.208915
102.100841,183.468143,4.243069,115.613211,189.790976,-1.193027
102.974779,181.600584,4.253065,116.408407,188.030691,-1.176175
103.877931,179.747905,4.256852,117.223122,186.280127,-1.161064
104.803572,177.907131,4.256734,118.060284,184.540810,-1.149422
105.750505,176.077720,4.252936,118.920548,182.813162,-1.141938
106.724440,174.262635,4.242920,119.800206,181.095306,-1.137266
107.722432,172.460469,4.227803,120.701688,179.388477,-1.136323
108.736682,170.667084,4.210995,121.626040,177.693291,-1.139421
109.762872,168.880007,4.194677,122.571165,176.008784,-1.145525
110.799897,167.098478,4.179773,123.535735,174.334403,-1.153877
111.844211,165.320450,4.168271,124.519411,172.670190,-1.164199
112.895213,163.545415,4.160905,125.520410,171.015430,-1.175668
113.954652,161.774345,4.157341,126.535859,169.368695,-1.187074
115.026922,160.009963,4.155958,127.567956,167.731561,-1.199382
116.113390,158.253263,4.156254,128.618746,166.105650,-1.213517
117.217638,156.506800,4.156590,129.682709,164.487839,-1.227121
118.339854,154.771060,4.156563,130.750377,162.872193,-1.236003
119.479814,153.046319,4.155767,131.820148,161.257535,-1.239242
120.642340,151.336154,4.151629,132.905061,159.652453,-1.242385
121.825107,149.639410,4.144884,134.008608,158.059520,-1.246937
123.023462,147.953117,4.137667,135.130781,156.478994,-1.252968
124.233014,146.274295,4.132245,136.269244,154.909533,-1.259469
125.455510,144.604354,4.128183,137.421783,153.349839,-1.265367
126.689668,142.942648,4.126348,138.589743,151.801281,-1.271160
127.931978,141.286925,4.128495,139.765861,150.258944,-1.273538
129.173400,139.630662,4.138659,140.943088,148.717802,-1.269406
130.412457,137.972741,4.157248,142.125868,147.181505,-1.261157
131.657433,136.319726,4.179907,143.314667,145.650689,-1.249584
132.912940,134.675465,4.203791,144.515027,144.129937,-1.237935
134.184729,133.044655,4.225600,145.734075,142.625253,-1.230233
135.474277,131.428619,4.244241,146.972864,141.137686,-1.227534
136.785261,129.830393,4.257876,148.232381,139.668187,-1.230526
138.123990,128.255588,4.263630,149.511917,138.216205,-1.238691
139.487208,126.701705,4.263478,150.809261,136.779958,-1.250478
140.868601,125.163618,4.261040,152.119399,135.355197,-1.262786
142.260288,123.634672,4.260701,153.427724,133.928820,-1.267722
143.660021,122.113226,4.263885,154.731759,132.498414,-1.263420
145.067796,120.599743,4.270629,156.039251,131.071219,-1.253435
146.490639,119.101422,4.277183,157.357612,129.654575,-1.241584
147.929254,117.619557,4.282728,158.687375,128.249411,-1.228467
149.382831,116.153819,4.287133,160.025657,126.853093,-1.213011
150.854041,114.707287,4.288431,161.375677,125.468896,-1.197257
152.343972,113.281419,4.285537,162.740849,124.100404,-1.183359
153.848019,111.871639,4.280590,164.123178,122.749867,-1.172785
155.362234,110.473760,4.275641,165.522176,121.417004,-1.165661
156.887166,109.088235,4.270429,166.932836,120.096594,-1.159537
158.421376,107.713431,4.265744,168.352924,118.786203,-1.153297
159.967093,106.351856,4.260366,169.784400,117.487970,-1.148025
161.527890,105.007589,4.252358,171.231961,116.207335,-1.146328
163.104106,103.681249,4.241523,172.696790,114.945995,-1.148850
164.692194,102.368894,4.229899,174.175175,113.699927,-1.153431
166.292830,101.071466,4.217139,175.659091,112.459632,-1.155280
167.909028,99.792965,4.201465,177.152315,111.229584,-1.156203
169.537921,98.530185,4.184528,178.660457,110.016858,-1.159178
171.176274,97.279192,4.168434,180.184852,108.823575,-1.164876
172.819612,96.034271,4.156198,181.723868,107.648156,-1.172281
174.469242,94.797060,4.147428,183.273423,106.485728,-1.178859
176.126146,93.568944,4.141833,184.831458,105.333951,-1.183278
177.785106,92.343035,4.142844,186.401295,104.197714,-1.187602
179.442588,91.114292,4.152971,187.983742,103.078840,-1.192629
181.104264,89.890562,4.168808,189.576932,101.975471,-1.197588
182.774112,88.677711,4.187652,191.175205,100.880137,-1.199275
184.450674,87.474102,4.209915,192.774482,99.787127,-1.195392
186.138588,86.286985,4.231918,194.378334,98.701681,-1.188565
187.842160,85.123439,4.250041,195.991941,97.631713,-1.182591
189.563589,83.987472,4.262090,197.616384,96.579094,-1.178587
191.307213,82.886700,4.264441,199.251620,95.543919,-1.176741
193.066516,81.811641,4.261009,200.892056,94.517265,-1.173252
194.839570,80.759751,4.252825,202.538780,93.500628,-1.168709
196.620909,79.722359,4.243732,204.197101,92.502761,-1.166782
198.404684,78.689349,4.238282,205.867477,91.524868,-1.167884
200.194882,77.667362,4.234039,207.549451,90.566633,-1.171765
201.993073,76.659173,4.230140,209.240139,89.623517,-1.176284
203.797874,75.662612,4.227761,210.935165,88.687960,-1.178072
205.607336,74.674245,4.228519,212.637962,87.766368,-1.179644
207.421528,73.694100,4.232532,214.351252,86.864273,-1.183173
209.243509,72.728050,4.237546,216.074775,85.981750,-1.188633
211.077014,71.783676,4.240582,217.807321,85.117038,-1.195196
212.922870,70.863410,4.240727,219.546954,84.266791,-1.201347
214.779244,69.964551,4.239054,221.288519,83.420811,-1.202795
216.644989,69.085660,4.236020,223.031197,82.577292,-1.198777
218.516228,68.219214,4.234466,224.780247,81.747278,-1.193868
220.394533,67.368861,4.232706,226.537632,80.935418,-1.190129
222.281964,66.539507,4.228592,228.303268,80.141968,-1.187893
224.176988,65.728100,4.223200,230.076129,79.364982,-1.186561
226.077744,64.930508,4.218103,231.857021,78.606543,-1.187102
227.982206,64.141667,4.215314,233.645559,77.866070,-1.189356
229.891894,63.364878,4.213611,235.442128,77.144820,-1.193779
231.810371,62.609058,4.209686,237.247173,76.444381,-1.200862
233.735226,61.868579,4.206004,239.059991,75.763536,-1.209911
235.664563,61.138680,4.204698,240.878716,75.098125,-1.219053
237.600349,60.425015,4.203788,242.700341,74.440508,-1.225092
239.542528,59.728336,4.203093,244.523382,73.786727,-1.226321
241.490645,59.048166,4.202793,246.349995,73.142866,-1.225018
243.447778,58.394328,4.199020,248.181977,72.514432,-1.223277
245.413383,57.766617,4.191809,250.020033,71.904078,-1.222143
247.384852,57.157972,4.183838,251.864116,71.312297,-1.221824
249.359699,56.561048,4.177902,253.713160,70.736411,-1.221318
251.338301,55.977279,4.173452,255.564695,70.168685,-1.217727
253.321245,55.408897,4.169603,257.420584,69.615447,-1.213502
255.307628,54.853151,4.167415,259.281938,69.081043,-1.210380
257.295112,54.301366,4.170186,261.149346,68.568410,-1.209539
259.286793,53.764425,4.173874,263.022253,68.076434,-1.210607
261.284919,53.251504,4.175069,264.899329,67.600856,-1.211934
263.289771,52.765332,4.172790,266.779039,67.135995,-1.211306
265.300722,52.305123,4.167318,268.660797,66.679498,-1.207776
267.317879,51.873358,4.157642,270.544051,66.228903,-1.200394
269.340039,51.466767,4.144868,272.430221,65.790371,-1.191530
271.366115,51.081917,4.130148,274.320039,65.367691,-1.182725
273.394704,50.713039,4.115486,276.213371,64.960619,-1.174037
275.427026,50.366649,4.098371,278.110334,64.570123,-1.165960
277.462685,50.041499,4.079240,280.012016,64.202343,-1.160832
279.500562,49.731596,4.060363,281.917519,63.853069,-1.157026
281.541184,49.439828,4.040846,283.826837,63.522625,-1.154493
283.584908,49.168760,4.020023,285.740725,63.216483,-1.154957
285.630753,48.912809,4.000322,287.659021,62.935360,-1.158283
287.677590,48.664261,3.985018,289.581176,62.678006,-1.163615
289.725006,48.419908,3.975669,291.505647,62.435820,-1.167427
291.772639,48.177060,3.973520,293.431737,62.205513,-1.168313
293.819233,47.924164,3.982853,295.359974,61.994450,-1.168973
295.865898,47.669387,4.000456,297.289239,61.796142,-1.167221
297.913526,47.420673,4.023031,299.219577,61.613610,-1.164580
299.963537,47.195058,4.043775,301.150871,61.447993,-1.161982
302.016420,47.002703,4.058370,303.082728,61.296335,-1.158915
304.071934,46.847292,4.064925,305.014957,61.155182,-1.154682
306.130145,46.738381,4.059491,306.947925,61.027590,-1.150812
308.189825,46.663924,4.046200,308.881792,60.913445,-1.147514
310.250791,46.627138,4.023838,310.817000,60.817996,-1.146710
312.312543,46.624423,3.993911,312.753736,60.744911,-1.149470
314.374504,46.645008,3.960812,314.691963,60.695254,-1.155700
316.436312,46.676856,3.929575,316.631483,60.667618,-1.164215
318.498005,46.719251,3.901243,318.571975,60.656209,-1.172195
320.559426,46.773718,3.876024,320.513221,60.652632,-1.175916
322.620393,46.835301,3.856360,322.455052,60.660198,-1.176044
324.681012,46.889685,3.847895,324.396989,60.688606,-1.175760
326.741686,46.929136,3.853603,326.338464,60.738455,-1.175127
328.802402,46.963518,3.869769,328.278974,60.807949,-1.173550
330.862990,46.997813,3.894168,330.218316,60.890836,-1.169041
332.923109,47.039620,3.923386,332.156639,60.979051,-1.159169
334.982357,47.094640,3.954547,334.093462,61.080456,-1.147514
337.040013,47.172242,3.983402,336.028212,61.202577,-1.137622
339.094306,47.292763,4.001818,337.960626,61.347940,-1.131218
341.144896,47.454163,4.010035,339.890610,61.516979,-1.129147
343.191803,47.651641,4.009473,341.818456,61.706623,-1.130708
345.235760,47.874917,4.003768,343.745002,61.909459,-1.133408
347.277895,48.113525,3.996755,345.669665,62.132254,-1.139691
349.318853,48.363360,3.990109,347.591832,62.380291,-1.151303
351.357561,48.634191,3.980500,349.511268,62.654179,-1.168072
353.393566,48.928847,3.967261,351.428095,62.951717,-1.188665
355.427070,49.244297,3.951908,353.342703,63.268712,-1.210903
357.458872,49.573733,3.937327,355.256430,63.595170,-1.230429
359.488842,49.916649,3.923978,357.169848,63.927189,-1.245185
361.516202,50.276275,3.910784,359.081320,64.273974,-1.258062
363.541983,50.644784,3.900561,360.990629,64.635233,-1.268591
365.565419,51.025329,3.891967,362.898035,65.007857,-1.275498
367.585567,51.421111,3.883509,364.804486,65.386051,-1.276732
369.601145,51.836654,3.873131,366.712159,65.758846,-1.268581
371.609196,52.284018,3.855941,368.619280,66.135699,-1.255063
373.609523,52.761339,3.832222,370.524079,66.525161,-1.239912
375.602206,53.266543,3.802407,372.425458,66.931975,-1.225359
377.588061,53.794918,3.768054,374.322777,67.358591,-1.212638
379.568779,54.338894,3.731857,376.215740,67.805691,-1.202090
381.546960,54.888070,3.697615,378.105299,68.268952,-1.192031
383.523698,55.438876,3.666675,379.990856,68.750164,-1.182913
385.500243,55.987521,3.640467,381.871290,69.252628,-1.175676
387.476024,56.536785,3.618027,383.746792,69.774467,-1.169394
389.448544,57.095588,3.596154,385.618301,70.311317,-1.162342
391.417549,57.664361,3.574725,387.488077,70.854749,-1.151519
393.380737,58.250201,3.551203,389.357855,71.398952,-1.135097
395.335774,58.859679,3.523288,391.223861,71.956430,-1.117945
397.281102,59.496707,3.489708,393.084593,72.531600,-1.102053
399.216514,60.160718,3.450846,394.939458,73.125924,-1.088311
401.143777,60.845559,3.409065,396.789254,73.736579,-1.075998
403.064419,61.546257,3.366270,398.635188,74.359856,-1.063981
404.979835,62.258635,3.324013,400.476649,74.997500,-1.052881
406.890946,62.980235,3.283216,402.311634,75.654885,-1.044434
408.798028,63.710510,3.244119,404.139349,76.333725,-1.038977
410.700409,64.451401,3.206144,405.960163,77.032405,-1.035659
412.598384,65.202087,3.169678,407.775736,77.746031,-1.032536
414.490889,65.965212,3.133974,409.588007,78.469266,-1.027613
416.376613,66.743716,3.098205,411.397471,79.200742,-1.020345
418.254140,67.540649,3.061486,413.203125,79.942805,-1.011479
420.122240,68.358216,3.023192,415.005853,80.693146,-1.000323
421.980771,69.196063,2.983468,416.806269,81.450165,-0.986476
423.829109,70.054934,2.942047,418.604602,82.213337,-0.969973
425.667031,70.934500,2.898940,420.399023,82.986915,-0.952413
427.498048,71.826279,2.856694,422.189315,83.771250,-0.934146
429.324666,72.724578,2.816876,423.976180,84.564641,-0.914890
431.145634,73.632231,2.778311,425.756658,85.373597,-0.896925
432.960380,74.550577,2.740331,427.529203,86.201214,-0.881361
434.769135,75.479190,2.702886,429.292877,87.049169,-0.868784
436.573936,76.413948,2.667116,431.046273,87.920009,-0.859923
438.374089,77.356467,2.632457,432.789610,88.812837,-0.854364
440.167396,78.311344,2.597519,434.524104,89.724664,-0.850990
441.953609,79.278943,2.562293,436.251513,90.651551,-0.848437
443.733964,80.256546,2.527710,437.974415,91.588085,-0.844981
445.507166,81.246447,2.493184,439.697107,92.525736,-0.838115
447.272374,82.249919,2.458403,441.418263,93.467162,-0.828803
449.030141,83.265595,2.423751,443.137394,94.413339,-0.817543
450.781455,84.291407,2.389731,444.850739,95.371362,-0.806593
452.526585,85.326808,2.356364,446.553379,96.350142,-0.798624
454.266160,86.370639,2.323848,448.244446,97.350863,-0.793942
456.002327,87.419023,2.293175,449.924034,98.372919,-0.792232
457.736568,88.469491,2.264988,451.592690,99.414890,-0.792896
459.468165,89.523501,2.238882,453.252994,100.471809,-0.794344
461.197331,90.580723,2.214978,454.908725,101.536777,-0.794526
462.926907,91.636284,2.194608,456.560315,102.608961,-0.793174
464.656473,92.691060,2.177432,458.210283,103.683933,-0.789157
466.382471,93.751214,2.161633,459.862179,104.755772,-0.781125
468.102372,94.820910,2.145882,461.510068,105.834675,-0.772136
469.813757,95.904141,2.128907,463.152270,106.923452,-0.763279
471.516159,97.001525,2.110307,464.786272,108.026230,-0.755929
473.208842,98.114187,2.089593,466.409787,109.146641,-0.751252
474.891277,99.242857,2.066426,468.022782,110.284597,-0.749338
476.565231,100.384580,2.041481,469.625881,111.438940,-0.749943
478.232495,101.536465,2.015450,471.222189,112.604631,-0.751799
479.895076,102.695358,1.989085,472.814878,113.776644,-0.753646
481.555136,103.857927,1.963186,474.401589,114.958711,-0.756420
483.213939,105.022312,1.938133,475.978839,116.156144,-0.761344
484.869136,106.192228,1.912967,477.546414,117.369064,-0.768344
486.519874,107.368960,1.887369,479.105068,118.596112,-0.776968
488.166073,108.552585,1.861360,480.656522,119.834492,-0.786434
489.807489,109.743350,1.834951,482.202557,121.081403,-0.795968
491.444080,110.941223,1.808241,483.742660,122.337440,-0.805597
493.074941,112.147362,1.781070,485.278500,123.599997,-0.814616
494.701048,113.360155,1.753893,486.811030,124.867536,-0.822597
496.323805,114.577359,1.727275,488.342684,126.136409,-0.828708
497.944118,115.797514,1.701553,489.876564,127.402087,-0.832021
499.561424,117.021298,1.676539,491.411574,128.666167,-0.833040
501.174024,118.250975,1.651641,492.945922,129.931165,-0.832481
502.781379,119.487152,1.626631,494.479463,131.197220,-0.830597
504.383784,120.729195,1.601482,496.011928,132.464683,-0.827664
505.981796,121.976195,1.576220,497.544110,133.732379,-0.823670
507.575584,123.227813,1.550738,499.077756,134.997833,-0.818338
509.165299,124.483686,1.524946,500.610742,136.264034,-0.812477
510.751481,125.742992,1.498869,502.141592,137.532958,-0.806637
512.334878,127.004646,1.472603,503.669766,138.805286,-0.801010
513.916822,128.266789,1.446428,505.194926,140.081420,-0.795666
515.498548,129.527743,1.420639,506.715920,141.362861,-0.790794
517.079355,130.788489,1.395078,508.231040,142.651802,-0.786620
518.658036,132.050631,1.369552,509.742866,143.944710,-0.782270
520.234019,133.314911,1.344078,511.255312,145.236365,-0.776595
521.806957,134.581805,1.318767,512.774405,146.518814,-0.768115
523.377174,135.850878,1.293899,514.304415,147.786605,-0.755997
524.944122,137.122859,1.269513,515.846428,149.038553,-0.740336
526.508643,138.396658,1.245915,517.397745,150.278446,-0.722210
528.071808,139.670915,1.223383,518.953458,151.512864,-0.703199
529.634373,140.944718,1.202049,520.511070,152.745152,-0.684306
531.197866,142.216184,1.182153,522.066066,153.981193,-0.666849
532.764028,143.483168,1.163902,523.612010,155.229249,-0.652308
534.332239,144.746527,1.147039,525.146508,156.492328,-0.641149
535.900834,146.008524,1.131157,526.672867,157.766048,-0.632590
537.467670,147.271886,1.115882,528.195185,159.045166,-0.625683
539.031413,148.538375,1.101066,529.716399,160.325908,-0.619704
540.591060,149.809245,1.086704,531.239897,161.604033,-0.613918
542.146078,151.085168,1.072890,532.770885,162.873044,-0.607330
543.696454,152.366141,1.059807,534.308796,164.133771,-0.600107
545.243478,153.650547,1.047791,535.852269,165.388008,-0.592576
546.787874,154.937480,1.037015,537.397219,166.640925,-0.585558
548.330824,156.225513,1.027647,538.939970,167.897082,-0.579763
549.874738,157.511622,1.020010,540.478310,169.159249,-0.575606
551.420291,158.795043,1.014096,542.010333,170.429709,-0.573399
552.966743,160.076701,1.009644,543.537733,171.706338,-0.572799
554.515026,161.355515,1.006646,545.062116,172.987083,-0.573405
556.065701,162.630792,1.005053,546.584628,174.270549,-0.574894
557.616979,163.904784,1.004368,548.106870,175.554739,-0.576785
559.167418,165.179261,1.004191,549.630318,176.837866,-0.578665
560.715542,166.456048,1.004093,551.160401,178.113304,-0.579455
562.259384,167.737544,1.003638,552.692895,179.386246,-0.579787
563.799073,169.023585,1.002757,554.226935,180.657764,-0.579776
565.335605,170.312952,1.001556,555.762384,181.928035,-0.579473
566.870145,171.604232,1.000170,557.298720,183.197706,-0.579006
568.404651,172.895063,0.998875,558.836181,184.466502,-0.578398
569.940665,174.183591,0.997885,560.374181,185.735143,-0.577815
571.479747,175.467994,0.997391,561.913118,187.003125,-0.577233
573.023386,176.746501,0.997588,563.452437,188.271123,-0.576778
574.571758,178.018950,0.998462,564.988959,189.542945,-0.576979
576.122972,179.287617,0.999683,566.522208,190.819174,-0.577875
577.675419,180.554457,1.000997,568.049834,192.102610,-0.579765
579.226645,181.822435,1.002085,569.573092,193.391708,-0.582340
580.775424,183.093006,1.002841,571.095416,194.682358,-0.584882
582.322566,184.365245,1.003534,572.619652,195.971104,-0.586797
583.868530,185.638572,1.004366,574.148432,197.254856,-0.587563
585.413835,186.912398,1.005523,575.688340,198.525746,-0.586089
586.958331,188.186937,1.006978,577.241119,199.781699,-0.582134
588.501398,189.462894,1.008585,578.801267,201.029352,-0.576754
590.042669,190.740723,1.010129,580.364823,202.273418,-0.570778
591.582495,192.020019,1.011473,581.927910,203.518483,-0.565042
593.120631,193.301047,1.012381,583.486874,204.768895,-0.560339
594.656706,194.584259,1.012615,585.037998,206.029023,-0.557422
596.190299,195.870135,1.011979,586.579508,207.300943,-0.556646
597.719592,197.160820,1.010138,588.113300,208.582375,-0.557702
599.245538,198.455188,1.007302,589.641565,209.870662,-0.560175
600.770844,199.750003,1.004016,591.166235,211.163501,-0.563619
602.297889,201.042439,1.000822,592.687394,212.460776,-0.567866
603.828744,202.330061,0.998201,594.208212,213.758698,-0.572207
605.363872,203.612325,0.996392,595.731648,215.053747,-0.576024
606.903331,204.889157,0.995501,597.256626,216.347218,-0.579350
608.447324,206.160336,0.995634,598.783429,217.638764,-0.582062
609.995916,207.425804,0.996825,600.312318,218.928062,-0.584091
611.546612,208.688522,0.998630,601.845474,220.212540,-0.585084
613.097046,209.951320,1.000614,603.383284,221.491719,-0.585039
614.644159,211.217817,1.002230,604.922935,222.768959,-0.584523
616.185223,212.491303,1.002967,606.464283,224.044391,-0.583653
617.721870,213.769829,1.003053,608.006592,225.318894,-0.582648
619.255669,215.051541,1.002700,609.548918,226.593588,-0.581707
620.787420,216.335499,1.002032,611.090405,227.869483,-0.580992
622.318879,217.619625,1.001337,612.630955,229.146688,-0.580502
623.851092,218.902681,1.000797,614.174166,230.420914,-0.579606
625.384887,220.183694,1.000586,615.719005,231.693376,-0.578449
626.921617,221.461054,1.000935,617.264190,232.965594,-0.577195
628.461420,222.734617,1.001856,618.810178,234.237000,-0.575734
630.002799,224.006138,1.003116,620.357440,235.507051,-0.574008
631.544385,225.277283,1.004448,621.905457,236.776330,-0.572110
633.085316,226.549066,1.005677,623.453494,238.045729,-0.570210
634.625498,227.821605,1.006744,625.000696,239.316253,-0.568520
636.166335,229.093233,1.007808,626.548440,240.586242,-0.566868
637.708378,230.363300,1.008900,628.095801,241.856797,-0.565480
639.250102,231.633626,1.009700,629.640277,243.130900,-0.564806
640.789062,232.907156,1.009788,631.182069,244.408297,-0.564862
642.321619,234.188269,1.008565,632.721331,245.688795,-0.565636
643.850827,235.473294,1.006566,634.258106,246.972367,-0.567094
645.380710,236.757435,1.004500,635.792086,248.259372,-0.569219
646.913724,238.037742,1.002832,637.324966,249.547781,-0.571627
648.449588,239.314577,1.001603,638.857837,250.836258,-0.574032
649.987210,240.589228,1.000724,640.392792,252.122309,-0.575988
651.525066,241.863547,1.000019,641.931686,253.403678,-0.577095
653.062030,243.138907,0.999395,643.472182,254.683162,-0.577688
654.600203,244.412779,0.999252,645.015481,255.959307,-0.577528
656.140688,245.683825,0.999797,646.561702,257.231973,-0.576570
657.681242,246.954767,1.000684,648.110668,258.501355,-0.574862
659.219862,248.228032,1.001561,649.661582,259.768395,-0.572554
660.756024,249.504279,1.002334,651.216023,261.031164,-0.569466
662.294062,250.778272,1.003644,652.774090,262.289535,-0.565638
663.837574,252.045632,1.006017,654.332122,263.547956,-0.561774
665.387888,253.304788,1.009533,655.889069,264.807647,-0.558091
666.941353,254.560154,1.013481,657.443468,266.070381,-0.554912
668.495176,255.815098,1.017298,658.994138,267.337611,-0.552490
670.047299,257.072136,1.020591,660.540281,268.610299,-0.551013
671.597071,258.332044,1.023221,662.082170,269.888152,-0.550454
673.145093,259.594163,1.025289,663.620384,271.170414,-0.550693
674.690806,260.859151,1.026748,665.155449,272.456484,-0.551612
676.233915,262.127385,1.027595,666.689759,273.743455,-0.552755
677.774649,263.398615,1.027937,668.225181,275.029030,-0.553766
679.312612,264.673318,1.027775,669.761483,276.313501,-0.554650
680.847715,265.951634,1.027128,671.298729,277.596767,-0.555373
682.380352,267.233087,1.026089,672.836391,278.879470,-0.556026
683.910925,268.517201,1.024712,674.374638,280.161384,-0.556591
685.439526,269.803849,1.022995,675.912487,281.443728,-0.557270
686.966615,271.092505,1.020968,677.448999,282.727597,-0.558241
688.493127,272.382018,1.018757,678.984599,284.012475,-0.559480
690.018770,273.672745,1.016282,680.520043,285.297424,-0.560891
691.542633,274.965801,1.013357,682.053098,286.585153,-0.562845
693.065486,276.260245,1.010124,683.583827,287.875573,-0.565329
694.588294,277.554890,1.006756,685.112561,289.168263,-0.568240
696.111915,278.848647,1.003451,686.639776,290.462658,-0.571433
697.635655,280.142403,1.000165,688.165178,291.759059,-0.574874
699.159952,281.435611,0.997047,689.690176,293.055735,-0.578225
700.686733,282.725910,0.994515,691.216680,294.350330,-0.581099
702.216798,284.012317,0.992762,692.747919,295.638863,-0.582889
703.749994,285.295035,0.991829,694.284057,296.921124,-0.583575
705.287682,286.572377,0.991923,695.824038,298.198425,-0.583347
706.829838,287.844411,0.992999,697.367309,299.471419,-0.582364
708.375903,289.111824,0.994871,698.912033,300.742382,-0.581015
709.925073,290.375607,0.997297,700.456924,302.012905,-0.579605
711.477869,291.635172,1.000254,702.000517,303.284748,-0.578464
713.032966,292.892132,1.003419,703.541433,304.559648,-0.577868
714.587936,294.149502,1.006324,705.078044,305.839575,-0.578093
716.140030,295.410659,1.008520,706.610085,307.124862,-0.579161
717.687552,296.677701,1.009777,708.140369,308.412041,-0.580541
719.231466,297.949472,1.010352,709.671284,309.698147,-0.581751
720.772878,299.224597,1.010539,711.205253,310.980226,-0.582312
722.312893,300.501729,1.010623,712.745952,312.253759,-0.581573
723.852792,301.779324,1.010864,714.292986,313.519217,-0.579603
725.394653,303.054834,1.011606,715.845829,314.777260,-0.576553
726.938667,304.328030,1.012788,717.401151,316.031982,-0.573059
728.484014,305.599935,1.014154,718.954869,317.288382,-0.569916
730.030069,306.871302,1.015453,720.505496,318.548280,-0.567475
731.574342,308.145182,1.016154,722.050600,319.814623,-0.566234
733.114013,309.425043,1.015721,723.588886,321.088930,-0.566452
734.648873,310.711078,1.014117,725.122091,322.369069,-0.567830
736.179554,312.002503,1.011506,726.651069,323.653937,-0.570157
737.708039,313.296848,1.008324,728.175820,324.943512,-0.573314
739.236917,314.590962,1.005133,729.698239,326.235419,-0.576831
740.768709,315.881753,1.002481,731.222205,327.524903,-0.579907
742.304471,317.167943,1.000652,732.750687,328.808355,-0.581927
743.844609,318.449068,0.999770,734.281510,330.088407,-0.583181
745.386728,319.728060,0.999450,735.817324,331.361865,-0.583236
746.929227,321.006892,0.999408,737.358991,332.627684,-0.582033
748.470082,322.288031,0.999233,738.904127,333.888792,-0.580101
750.006634,323.574708,0.998391,740.449508,335.149098,-0.578131
751.539594,324.866037,0.996913,741.994117,336.409853,-0.576451
753.071878,326.158484,0.995190,743.535308,337.674237,-0.575596
754.606368,327.448578,0.993622,745.067334,338.949156,-0.576524
756.143828,328.735421,0.992300,746.591185,340.233357,-0.579009
757.686441,330.016417,0.991603,748.110492,341.522431,-0.582325
759.236750,331.288584,0.992011,749.627890,342.813166,-0.585880
760.791847,332.555464,0.993149,751.146122,344.102296,-0.589076
762.349321,333.819999,0.994722,752.667825,345.386701,-0.591349
763.907197,335.084603,0.996509,754.195462,346.663480,-0.592237
765.463622,336.351514,0.998281,755.731551,347.929718,-0.591320
767.016327,337.623462,0.999716,757.274339,349.187576,-0.588959
768.563636,338.902447,1.000511,758.820338,350.441248,-0.585785
770.107086,340.186619,1.000881,760.368917,351.691544,-0.582018
771.647603,341.474880,1.000889,761.918631,352.940215,-0.577980
773.186101,342.766168,1.000600,763.467572,354.189497,-0.574074
774.723979,344.058826,1.000151,765.015655,355.439517,-0.570378
776.263039,345.350757,0.999773,766.562171,356.691099,-0.567076
777.803489,346.641738,0.999427,768.107650,357.943629,-0.564098
779.343748,347.933647,0.998849,769.649437,359.200179,-0.561905
780.884462,349.225735,0.998123,771.187159,360.461167,-0.560537
782.426379,350.517173,0.997403,772.720835,361.726525,-0.559968
783.970027,351.807372,0.996805,774.250519,362.996177,-0.560129
785.515767,353.095978,0.996435,775.776692,364.269527,-0.560874
787.064012,354.382555,0.996404,777.300132,365.545687,-0.561993
788.616214,355.665524,0.996985,778.822016,366.823297,-0.563216
790.171421,356.946060,0.998058,780.342008,368.102742,-0.564529
791.726850,358.227364,0.999192,781.860258,369.383893,-0.565838
793.280508,359.511755,1.000104,783.380284,370.662776,-0.566568
794.830702,360.801156,1.000522,784.902274,371.939237,-0.566671
796.375929,362.097239,1.000228,786.426276,373.213301,-0.566164
797.915722,363.400488,0.999158,787.954085,374.483057,-0.564801
799.450840,364.710068,0.997464,789.485078,375.749256,-0.562741
800.981437,366.025767,0.995228,791.017736,377.013675,-0.560287
802.508253,367.346742,0.992676,792.550430,378.278186,-0.557767
804.032548,368.671601,0.990212,794.083345,379.542619,-0.555253
805.555845,369.998691,0.988331,795.614431,380.809250,-0.553144
807.080278,371.325732,0.987676,797.139885,382.082184,-0.552091
808.604841,372.653824,0.988425,798.661614,383.359346,-0.551809
810.128799,373.983789,0.990768,800.182670,384.637419,-0.551780
811.652882,375.314854,0.995085,801.705408,385.913896,-0.551564
813.177724,376.646335,1.001683,803.232729,387.185740,-0.550641
814.703853,377.977688,1.010754,804.768970,388.448452,-0.548264
816.231394,379.308768,1.022356,806.315280,389.700966,-0.544234
817.762813,380.636985,1.036804,807.865610,390.949754,-0.539494
819.298731,381.961748,1.054061,809.414177,392.200843,-0.534984
820.833783,383.288613,1.073108,810.957851,393.457410,-0.531251
822.363011,384.622624,1.092988,812.493458,394.722591,-0.528855
823.882933,385.967189,1.113044,814.018656,395.998601,-0.528237
825.390963,387.324716,1.132819,815.534424,397.284265,-0.529245
826.886080,388.695999,1.152185,817.043070,398.577086,-0.531451
828.368564,390.080509,1.171273,818.546572,399.874952,-0.534405
829.839598,391.476803,1.190399,820.048035,401.174704,-0.537413
831.300637,392.883197,1.209893,821.554388,402.469515,-0.539036
832.751995,394.299186,1.229787,823.067278,403.757870,-0.538661
834.199908,395.718477,1.251114,824.577462,405.048916,-0.537652
835.649562,397.136057,1.274658,826.081279,406.346113,-0.536380
837.099694,398.553158,1.300014,827.576326,407.651687,-0.535074
838.547668,399.972298,1.326519,829.061889,408.966180,-0.533751
839.991909,401.394987,1.353738,830.540541,410.287013,-0.531873
841.431916,402.821637,1.381485,832.010268,411.616020,-0.529888
842.869456,404.250626,1.410042,833.467678,412.956221,-0.528562
844.305773,405.680855,1.439617,834.911351,414.308779,-0.528301
845.737684,407.115301,1.469519,836.340646,415.674095,-0.529363
847.162026,408.556873,1.499050,837.759324,417.048590,-0.531061
848.577541,410.006663,1.527943,839.171109,418.428853,-0.532680
849.984654,411.464256,1.556298,840.570058,419.820178,-0.535576
851.384662,412.928522,1.584421,841.952904,421.225329,-0.540510
852.777074,414.399878,1.612275,843.318458,422.645178,-0.547777
854.160555,415.879515,1.639647,844.669957,424.076720,-0.556610
855.535491,417.367093,1.666765,846.010237,425.517408,-0.566285
856.904680,418.860219,1.694449,847.343923,426.963255,-0.575591
858.270071,420.357337,1.723345,848.666726,428.417900,-0.585390
859.631880,421.858336,1.753675,849.976055,429.883420,-0.596140
860.988217,423.364867,1.785143,851.272491,431.359205,-0.607557
862.336592,424.879016,1.817267,852.557601,432.843846,-0.619095
863.678423,426.399604,1.850545,853.835999,434.333516,-0.629495
865.012530,427.927547,1.884809,855.112367,435.824481,-0.637478
866.337569,429.463888,1.919787,856.380901,437.321440,-0.644440
867.651013,431.010547,1.954843,857.637823,438.827316,-0.651360
868.955665,432.565230,1.990634,858.881879,440.342970,-0.658569
870.251831,434.127671,2.027181,860.112201,441.868915,-0.666359
871.536047,435.700449,2.063476,861.336097,443.399482,-0.672879
872.807983,437.283697,2.099332,862.557233,444.931970,-0.677260
874.064403,438.879676,2.133780,863.766360,446.473340,-0.682190
875.304067,440.489163,2.166353,864.959499,448.026412,-0.688985
876.529419,442.110190,2.197572,866.134331,449.592722,-0.698465
877.744494,443.739812,2.228469,867.290997,451.171940,-0.710719
878.948322,445.378652,2.258753,868.434383,452.760465,-0.724436
880.138988,447.028052,2.287916,869.566008,454.357145,-0.739162
881.318031,448.686872,2.316493,870.679787,455.966117,-0.756562
882.488662,450.352894,2.345519,871.774461,457.588011,-0.776809
883.654599,452.023643,2.376286,872.850939,459.221965,-0.799397
884.814472,453.700098,2.408670,873.913165,460.865098,-0.822865
885.966191,455.383613,2.442393,874.968045,462.512731,-0.844852
887.109320,457.074330,2.477692,876.018850,464.162707,-0.864084
888.243467,458.772375,2.514769,877.058458,465.819503,-0.882443
889.369620,460.476971,2.554170,878.088337,467.482000,-0.899266
890.492169,462.185238,2.597436,879.109012,469.149670,-0.914228
891.611558,463.896846,2.644815,880.123367,470.820588,-0.926319
892.721621,465.615437,2.694433,881.136885,472.491349,-0.933813
893.818506,467.342993,2.745019,882.142268,474.166294,-0.939064
894.902092,469.079353,2.796367,883.135094,475.847833,-0.943624
895.977189,470.821574,2.849741,884.114272,477.536393,-0.947972
897.040763,472.571273,2.903909,885.078893,479.232291,-0.952536
898.088050,474.330946,2.957096,886.033698,480.932734,-0.955942
899.116977,476.101477,3.008471,886.980453,482.636759,-0.957800
900.123083,477.885031,3.056511,887.912261,484.348066,-0.960591
901.104561,479.682201,3.100595,888.826591,486.067900,-0.965343
902.065538,481.490543,3.142098,889.722590,487.796529,-0.972443
903.008719,483.308427,3.181996,890.601734,489.533036,-0.981424
903.936433,485.134476,3.221186,891.477376,491.270689,-0.987760
904.850355,486.967766,3.260387,892.341915,493.013335,-0.993971
905.748994,488.808894,3.299134,893.186802,494.765022,-1.002878
906.637378,490.655413,3.339118,894.011045,496.525977,-1.014681
907.515130,492.507501,3.380197,894.815189,498.295716,-1.029038
908.380160,494.366090,3.421660,895.604572,500.071609,-1.043930
909.231992,496.231346,3.463415,896.384129,501.851389,-1.057492
910.069495,498.103677,3.505127,897.150799,503.636398,-1.070646
910.890421,499.983919,3.545974,897.898857,505.428987,-1.085191
911.694248,501.872155,3.585688,898.629312,507.228561,-1.100472
912.478894,503.769012,3.623436,899.343779,509.034274,-1.115570
913.245405,505.673804,3.659518,900.049689,510.843019,-1.127462
913.996092,507.585349,3.694740,900.754266,512.652024,-1.133268
914.729230,509.504018,3.728419,901.448092,514.464944,-1.136277
915.445399,511.429309,3.760670,902.126367,516.283441,-1.138259
916.138837,513.363026,3.789269,902.791690,518.106396,-1.138405
916.813808,515.303293,3.815658,903.442091,519.934361,-1.137678
917.472412,517.249120,3.840491,904.084001,521.764972,-1.134028
918.111843,519.201207,3.862554,904.717241,523.598307,-1.127916
918.740449,521.156627,3.884602,905.332572,525.437359,-1.123076
919.361104,523.114570,3.907215,905.925982,527.283232,-1.121159
919.969345,525.076596,3.928195,906.495795,529.136257,-1.122786
920.552616,527.046508,3.942515,907.042862,530.996006,-1.127625
921.114887,529.022965,3.951634,907.571736,532.861065,-1.133948
921.661811,531.004313,3.957818,908.085687,534.730491,-1.140390
922.193008,532.990688,3.961179,908.580055,536.605574,-1.148393
922.700869,534.984020,3.959279,909.053634,538.486519,-1.158013
923.179849,536.985456,3.950731,909.507783,540.372782,-1.168394
923.636105,538.992987,3.938719,909.945930,542.263316,-1.177983
924.077465,541.004396,3.927097,910.375317,544.156177,-1.183954
924.507994,543.018422,3.918255,910.806898,546.048774,-1.182347
924.928660,545.034602,3.913197,911.234876,547.942417,-1.175643
925.334206,547.053807,3.910209,911.645545,549.839872,-1.169207
925.725152,549.075689,3.909332,912.035704,551.741469,-1.164355
926.110008,551.098511,3.913234,912.403846,553.647154,-1.161580
926.493977,553.121436,3.923192,912.750831,555.556454,-1.160388
926.868487,555.146212,3.935466,913.081061,557.468366,-1.159054
927.222587,557.174672,3.945688,913.395667,559.382600,-1.157238
927.555536,559.206775,3.953468,913.690327,561.299769,-1.156667
927.870408,561.241932,3.959862,913.963871,563.219908,-1.157768
928.165060,563.280341,3.964111,914.217598,565.142673,-1.159978
928.432282,565.322769,3.963852,914.456254,567.067303,-1.161572
928.667588,567.369295,3.957995,914.685808,568.993029,-1.160588
928.877929,569.418651,3.949647,914.908473,570.919609,-1.156500
929.069214,571.469807,3.941330,915.120989,572.847439,-1.150703
929.245916,573.522171,3.934680,915.316448,574.777125,-1.145696
929.408885,575.575555,3.929843,915.490650,576.708845,-1.142912
929.549257,577.630579,3.923416,915.645336,578.642223,-1.141642
929.667726,579.686961,3.915537,915.781851,580.576994,-1.141383
929.769534,581.744171,3.907995,915.900288,582.512993,-1.142076
929.865322,583.801592,3.904469,916.001834,584.450011,-1.143183
929.952258,585.859512,3.903681,916.084575,586.388005,-1.145239
930.020546,587.918380,3.901989,916.145336,588.326909,-1.149364
930.064078,589.978168,3.897309,916.184684,590.266516,-1.155446
930.083417,592.038619,3.890139,916.205953,592.206558,-1.162418
930.087698,594.099396,3.884030,916.215485,594.146850,-1.167984
930.077154,596.160366,3.879080,916.211858,596.087372,-1.172443
930.044656,598.221376,3.872537,916.194692,598.028051,-1.175541
929.988162,600.282099,3.863523,916.161659,599.968775,-1.177738
929.907788,602.342197,3.852100,916.108989,601.909292,-1.180142
929.813867,604.401742,3.842313,916.036319,603.849343,-1.182843
929.712384,606.460898,3.836738,915.946502,605.788789,-1.184883
929.600832,608.519535,3.834743,915.844419,607.727642,-1.184548
929.472025,610.577093,3.833738,915.734062,609.666008,-1.180350
929.329288,612.633544,3.834867,915.608818,611.603341,-1.174750
929.177531,614.689105,3.839923,915.463005,613.538985,-1.170086
929.012355,616.743380,3.847294,915.296518,615.472600,-1.166748
928.831501,618.796048,3.855975,915.115566,617.404510,-1.162712
928.627915,620.846186,3.862957,914.925444,619.335192,-1.156074
928.401088,622.893429,3.867513,914.721843,621.264177,-1.148345
928.155570,624.938138,3.870964,914.495269,623.190247,-1.143055
927.891246,626.980194,3.873201,914.243449,625.112886,-1.141222
927.607414,629.019408,3.874107,913.966732,627.031893,-1.142898
927.301058,631.055243,3.872742,913.672234,628.948094,-1.145487
926.980387,633.088803,3.872295,913.362912,630.861847,-1.147810
926.645513,635.120045,3.873048,913.038736,632.773070,-1.149813
926.298621,637.149308,3.876115,912.694899,634.680798,-1.153293
925.934879,639.175650,3.879940,912.329800,636.584494,-1.158830
925.548951,641.197874,3.882609,911.948255,638.484835,-1.164510
925.136897,643.214854,3.882475,911.560788,640.383824,-1.166127
924.701393,645.226717,3.880227,911.165888,642.281259,-1.163919
924.251787,647.235252,3.879182,910.750241,644.174212,-1.162729
923.784133,649.239506,3.877910,910.312318,646.062092,-1.163241
923.294976,651.238514,3.875171,909.852429,647.944714,-1.165417
922.786709,653.232649,3.871927,909.376743,649.823385,-1.167005
922.265895,655.223428,3.870625,908.892418,651.699855,-1.165280
921.729094,657.209872,3.869961,908.390577,653.571766,-1.163603
921.173510,659.191075,3.868899,907.867220,655.437807,-1.163612
920.602727,661.167870,3.868820,907.322935,657.297852,-1.165287
920.022632,663.141878,3.871932,906.760772,659.152507,-1.167703
919.428325,665.111627,3.876174,906.192518,661.005172,-1.166553
918.817482,667.076256,3.880282,905.615452,662.855084,-1.162998
918.191323,669.036052,3.884399,905.017938,664.698526,-1.161734
917.546760,670.990011,3.887171,904.396539,666.534176,-1.164393
916.878265,672.936218,3.886437,903.751326,668.361884,-1.171170
916.185061,674.874274,3.881920,903.085337,670.182568,-1.180868
915.469656,676.804911,3.874734,902.401376,671.997172,-1.192176
914.735646,678.729322,3.866610,901.700661,673.806075,-1.204318
913.979856,680.646150,3.856745,900.980092,675.607969,-1.218140
913.204886,682.556094,3.846561,900.243480,677.404070,-1.231760
912.416267,684.461021,3.838509,899.496794,679.196509,-1.242473
911.614341,686.360739,3.832737,898.750397,680.989386,-1.245854
910.794549,688.252963,3.827130,898.001373,682.781514,-1.242801
909.958406,690.137881,3.821802,897.238476,684.567956,-1.237816
909.109064,692.016560,3.817562,896.457450,686.346540,-1.233008
908.253453,693.891998,3.816794,895.660342,688.117856,-1.228210
907.389437,695.763298,3.818320,894.848282,689.882222,-1.223683
906.512862,697.628607,3.820237,894.017083,691.637543,-1.221811
905.623337,699.487809,3.822342,893.163221,693.381950,-1.224654
904.722186,701.341761,3.825319,892.286277,695.115012,-1.232817
903.803153,703.187414,3.826862,891.389531,696.838215,-1.245041
902.859526,705.021263,3.824488,890.476970,698.553492,-1.259360
901.885347,706.839814,3.815958,889.553673,700.263485,-1.272951
900.884256,708.644410,3.802985,888.622059,701.969516,-1.283839
899.857011,710.434851,3.786136,887.678299,703.669435,-1.292596
898.810244,712.214152,3.768434,886.728718,705.366536,-1.295724
897.753459,713.987099,3.754109,885.778521,707.063622,-1.290437
896.693655,715.757391,3.746242,884.825861,708.759513,-1.277251
895.634004,717.526722,3.746209,883.862985,710.449371,-1.259662
894.578196,719.297312,3.755496,882.884374,712.129417,-1.240654
893.522638,721.067123,3.772371,881.888967,713.798486,-1.221597
892.465085,722.834866,3.795477,880.881201,715.458966,-1.201563
891.396962,724.595199,3.820591,879.858870,717.109239,-1.182411
890.315008,726.346013,3.845803,878.817258,718.746087,-1.167061
889.218195,728.086690,3.870311,877.754262,720.367932,-1.157184
888.094676,729.809344,3.888608,876.670951,721.975316,-1.152713
886.934068,731.506416,3.895676,875.570058,723.570080,-1.152375
885.739041,733.179135,3.892213,874.462384,725.159888,-1.150849
884.513172,734.829404,3.879422,873.348847,726.745752,-1.146891
883.258953,736.458464,3.858334,872.218039,728.319639,-1.144855
881.991598,738.077208,3.836141,871.066633,729.878915,-1.145681
880.710217,739.684871,3.813029,869.895854,731.424193,-1.148397
879.419685,741.285068,3.791876,868.706182,732.955433,-1.152475
878.129928,742.885554,3.777944,867.505200,734.478111,-1.154305
876.852077,744.495474,3.777074,866.291009,735.990445,-1.154901
875.584755,746.114429,3.789235,865.058766,737.488056,-1.156936
874.314387,747.731779,3.808394,863.808275,738.970253,-1.160996
873.032679,749.340705,3.830609,862.540769,740.437582,-1.166925
871.735031,750.937175,3.853427,861.260421,741.893225,-1.173051
870.421534,752.520980,3.876425,859.972768,743.341869,-1.176857
869.084528,754.085041,3.895286,858.676532,744.782463,-1.178942
867.718233,755.623588,3.906536,857.368102,746.211810,-1.181019
866.328030,757.140794,3.912242,856.045924,747.628409,-1.183844
864.915127,758.637183,3.912650,854.709991,749.032071,-1.187509
863.487789,760.119997,3.911690,853.362123,750.424334,-1.191290
862.056661,761.599322,3.914629,852.011341,751.813716,-1.190854
860.614691,763.068337,3.917750,850.655932,753.198727,-1.187255
859.155214,764.520233,3.917345,849.287880,754.571508,-1.184788
857.677684,765.954123,3.912885,847.902864,755.927529,-1.185920
856.182451,767.370156,3.904485,846.499639,757.265265,-1.191451
854.674951,768.773854,3.895170,845.079001,758.585286,-1.200977
853.153782,770.163769,3.884558,843.644911,759.891581,-1.212189
851.615984,771.536496,3.871419,842.200016,761.186875,-1.223223
850.062683,772.892894,3.856792,840.742034,762.468477,-1.234819
848.496588,774.235431,3.842556,839.272133,763.737300,-1.245897
846.921840,775.568311,3.831381,837.793098,764.996010,-1.254656
845.347122,776.901227,3.828319,836.314025,766.254757,-1.255910
843.770710,778.231991,3.832333,834.840411,767.520006,-1.246551
842.184619,779.550716,3.838411,833.361533,768.779011,-1.232825
840.586159,780.853610,3.844321,831.871870,770.024751,-1.218382
838.974872,782.139645,3.849103,830.368929,771.253736,-1.205290
837.351687,783.409780,3.852779,828.851470,772.464032,-1.194886
835.720084,784.668409,3.857101,827.319596,773.655464,-1.187623
834.076007,785.910299,3.859480,825.778620,774.834817,-1.180571
832.415057,787.129282,3.857082,824.226840,775.999862,-1.174747
830.740808,788.329860,3.852067,822.660769,777.145689,-1.172197
829.055144,789.514355,3.845754,821.081368,778.273238,-1.172238
827.364148,790.691093,3.842248,819.491135,779.385579,-1.173285
825.674045,791.869193,3.845856,817.894826,780.489192,-1.172310
823.977398,793.037945,3.851946,816.292316,781.583708,-1.169412
822.269659,794.190262,3.857360,814.684460,782.670259,-1.164106
820.547106,795.319934,3.859198,813.067482,783.742979,-1.158995
818.810254,796.427024,3.857301,811.439020,784.797925,-1.155906
817.062569,797.516545,3.853648,809.798344,785.833585,-1.155604
815.305857,798.591241,3.849296,808.146664,786.851570,-1.157497
813.538344,799.648097,3.842899,806.485334,787.853907,-1.160741
811.757709,800.682945,3.832737,804.812907,788.837995,-1.166353
809.967075,801.700736,3.821039,803.131064,789.806457,-1.173026
808.169463,802.706549,3.810209,801.438198,790.756234,-1.181837
806.369750,803.709195,3.804272,799.733878,791.686053,-1.193093
804.568574,804.710252,3.804253,798.019258,792.597391,-1.205960
802.760797,805.700351,3.806596,796.298509,793.497428,-1.217226
800.944702,806.675958,3.810051,794.574558,794.391509,-1.224441
799.119320,807.634603,3.813732,792.843340,795.271641,-1.230672
797.283900,808.573998,3.816808,791.106097,796.139830,-1.234967
795.439943,809.496426,3.820269,789.362150,796.994302,-1.237997
793.593017,810.412829,3.828565,787.611646,797.834888,-1.239889
791.739983,811.316476,3.838944,785.855875,798.663795,-1.239903
789.877215,812.198885,3.847853,784.097051,799.485549,-1.236384
788.003448,813.056251,3.853533,782.335660,800.301209,-1.229082
786.117146,813.883786,3.853761,780.572185,801.112046,-1.217657
784.220260,814.684768,3.849546,778.804370,801.913154,-1.204235
782.314901,815.463292,3.842318,777.029171,802.697391,-1.191808
780.399777,816.215751,3.830559,775.245268,803.461344,-1.181741
778.474697,816.940828,3.813893,773.452404,804.204024,-1.174343
776.542924,817.646168,3.795550,771.650982,804.925970,-1.169145
774.608253,818.341426,3.779638,769.843891,805.634253,-1.163080
772.673292,819.033673,3.769299,768.030595,806.327117,-1.156566
770.741933,819.734319,3.769303,766.208341,806.996276,-1.152612
768.812075,820.438652,3.778082,764.377524,807.641554,-1.151124
766.880148,821.136921,3.792045,762.539265,808.264892,-1.151282
764.943622,821.821498,3.808254,760.695732,808.871670,-1.150976
763.001249,822.487852,3.824834,758.848767,809.466835,-1.148375
761.052455,823.133125,3.840401,756.998598,810.050803,-1.143488
759.098099,823.759123,3.855266,755.144752,810.621889,-1.137225
757.138383,824.365906,3.869044,753.285080,811.172691,-1.132740
755.171390,824.946377,3.878686,751.418962,811.700562,-1.131398
753.197689,825.501729,3.884391,749.546569,812.205626,-1.133434
751.217952,826.033872,3.886746,747.668919,812.691294,-1.137745
749.234944,826.553042,3.889633,745.785706,813.156313,-1.144894
747.249471,827.063030,3.894573,743.895773,813.595698,-1.156686
745.258376,827.551507,3.897145,742.000794,814.015499,-1.170633
743.260406,828.012257,3.895284,740.101610,814.418859,-1.185189
741.256028,828.445606,3.889331,738.198463,814.806327,-1.199610
739.245816,828.852021,3.879637,736.292342,815.181686,-1.211897
737.231394,829.236693,3.868156,734.386221,815.558264,-1.216483
735.215226,829.609475,3.858441,732.477783,815.925007,-1.217025
733.196847,829.966773,3.848910,730.567040,816.280885,-1.213601
731.176293,830.306978,3.838652,728.654122,816.625601,-1.206212
729.154482,830.633559,3.828610,726.738133,816.953137,-1.197153
727.132721,830.953116,3.820883,724.818914,817.260973,-1.187567
725.112389,831.274094,3.818232,722.896607,817.548101,-1.178142
723.091815,831.586912,3.816805,720.972297,817.819767,-1.167304
721.070135,831.885631,3.814101,719.046948,818.081465,-1.153387
719.046749,832.165503,3.808096,717.119367,818.324899,-1.139654
717.021148,832.421529,3.796791,715.189139,818.545903,-1.127751
714.994042,832.657627,3.781485,713.256427,818.744283,-1.117801
712.966279,832.879478,3.764152,711.322140,818.926025,-1.107684
710.938406,833.091733,3.746386,709.386645,819.093369,-1.096586
708.909749,833.288048,3.725981,707.450164,819.247933,-1.083926
706.879969,833.464042,3.701486,705.512546,819.387958,-1.070277
704.848757,833.614545,3.671306,703.573307,819.507644,-1.057567
702.816851,833.745642,3.637755,701.632917,819.611035,-1.044429
700.784619,833.860589,3.602234,699.691360,819.697239,-1.031224
698.751933,833.957235,3.564469,697.748768,819.767519,-1.017676
696.718612,834.031512,3.523651,695.805050,819.819905,-1.004564
694.684498,834.078574,3.478759,693.860163,819.852774,-0.992438
692.649972,834.101458,3.431251,691.914494,819.871401,-0.979633
690.615589,834.107934,3.383876,689.968068,819.875890,-0.966089
688.581752,834.106724,3.339446,688.020907,819.866645,-0.951693
686.548213,834.094759,3.297004,686.072853,819.838034,-0.938161
684.514731,834.064809,3.254340,684.124044,819.792715,-0.924751
682.481204,834.011676,3.209839,682.174602,819.734508,-0.910451
680.447779,833.936616,3.163739,680.224398,819.659898,-0.896444
678.414584,833.844544,3.117253,678.273413,819.566663,-0.883555
676.381631,833.742551,3.072079,676.321622,819.449243,-0.873527
674.348757,833.637917,3.029866,674.369134,819.307947,-0.866484
672.315703,833.527090,2.989269,672.416004,819.149232,-0.860939
670.282411,833.401821,2.947744,670.462223,818.971412,-0.857599
668.248907,833.256281,2.903536,668.507854,818.772050,-0.857258
666.215363,833.084989,2.855116,666.553040,818.548671,-0.860552
664.182055,832.884742,2.801702,664.597803,818.305281,-0.866320
662.149366,832.652550,2.742763,662.642141,818.045382,-0.873496
660.117730,832.385434,2.677923,660.686095,817.772179,-0.881043
658.087359,832.089770,2.609212,658.729829,817.484388,-0.889022
656.058096,831.776766,2.539733,656.773742,817.178405,-0.897976
654.029637,831.457367,2.472338,654.817905,816.858068,-0.906715
652.001361,831.144326,2.410044,652.862446,816.525918,-0.914472
649.972795,830.844692,2.354297,650.907429,816.184710,-0.920585
647.943995,830.555888,2.304205,648.953101,815.833754,-0.925304
645.915435,830.270189,2.257728,646.999866,815.470557,-0.929357
643.887782,829.979762,2.212863,645.047816,815.096615,-0.932601
641.861730,829.677734,2.167930,643.096911,814.715144,-0.934580
639.838023,829.358425,2.121711,641.146920,814.330627,-0.934677
637.817272,829.018393,2.073660,639.197950,813.943208,-0.933225
635.799859,828.657583,2.024133,637.250246,813.551234,-0.930956
633.785840,828.278714,1.974122,635.303634,813.157858,-0.927622
631.775096,827.885706,1.924843,633.357883,812.766109,-0.922980
629.767191,827.484705,1.877776,631.412956,812.376549,-0.917169
627.761528,827.082175,1.834293,629.469117,811.986936,-0.910792
625.757430,826.684107,1.795459,627.526518,811.596241,-0.904143
623.754880,826.290202,1.761102,625.585243,811.203850,-0.897450
621.754518,825.894619,1.729996,623.645155,810.811118,-0.890578
619.756722,825.494463,1.701461,621.706060,810.419270,-0.883475
617.761640,825.088718,1.675149,619.768035,810.027275,-0.876515
615.769320,824.676927,1.650800,617.830697,809.637752,-0.869483
613.779803,824.258798,1.628168,615.893538,809.253737,-0.862125
611.793078,823.834424,1.607050,613.956587,808.874045,-0.854893
609.809088,823.404091,1.587300,612.020363,808.494472,-0.848728
607.827506,822.969766,1.569050,610.085319,808.111743,-0.844335
605.848361,822.531132,1.552112,608.151952,807.722392,-0.842358
603.871549,822.088582,1.536447,606.220916,807.322499,-0.843360
601.896444,821.645731,1.522561,604.292591,806.910145,-0.847413
599.922456,821.205763,1.510887,602.366441,806.488799,-0.853553
597.948760,820.772713,1.502015,600.441599,806.063821,-0.860426
595.974753,820.348997,1.496231,598.516944,805.641395,-0.866500
593.999651,819.937866,1.493979,596.591357,805.226999,-0.870481
592.023395,819.538081,1.494930,594.663325,804.827952,-0.870938
590.046373,819.146116,1.498340,592.731689,804.449005,-0.867081
588.068788,818.759637,1.503550,590.797484,804.082902,-0.860244
586.091218,818.374742,1.509561,588.862512,803.718770,-0.852487
584.114343,817.987195,1.515281,586.927601,803.351953,-0.844960
582.139094,817.592048,1.519528,584.993713,802.977348,-0.838900
580.165462,817.189523,1.522000,583.061345,802.592627,-0.835034
578.192890,816.782621,1.522952,581.130230,802.199553,-0.833331
576.221270,816.371983,1.522358,579.200433,801.798199,-0.833913
574.250312,815.959205,1.520467,577.271978,801.388833,-0.836744
572.279720,815.545655,1.517591,575.344805,800.972263,-0.841587
570.309185,815.132890,1.514173,573.418427,800.550876,-0.847842
568.338751,814.720503,1.510422,571.492199,800.127977,-0.854705
566.368292,814.308948,1.506714,569.567104,799.699005,-0.862575
564.397639,813.898768,1.503495,567.642649,799.266234,-0.870763
562.426637,813.490289,1.501136,565.717602,798.835148,-0.878050
560.455066,813.084075,1.500016,563.790790,798.410549,-0.883405
558.482819,812.680186,1.500325,561.861215,797.996146,-0.886072
556.510052,812.277418,1.501917,559.927454,797.597415,-0.885134
554.536741,811.875438,1.504623,557.988099,797.219510,-0.879862
552.562907,811.473860,1.508109,556.045372,796.852062,-0.872155
550.588732,811.071680,1.511864,554.100893,796.487860,-0.863515
548.614450,810.667828,1.515344,552.156010,796.121218,-0.855228
546.640101,810.262126,1.518167,550.212106,795.746631,-0.848517
544.665537,809.855187,1.520200,548.270632,795.358600,-0.844552
542.690647,809.447580,1.521390,546.331619,794.957394,-0.843428
540.715303,809.039715,1.521814,544.394514,794.545744,-0.844739
538.739366,808.632102,1.521646,542.458848,794.125736,-0.848052
536.762712,808.225137,1.521133,540.524154,793.699294,-0.852886
534.785234,807.818979,1.520522,538.588697,793.273196,-0.857922
532.806938,807.413405,1.520004,536.651662,792.850310,-0.862470
530.827817,807.008170,1.519742,534.713313,792.429390,-0.866542
528.847789,806.603325,1.519900,532.773926,792.009198,-0.870179
526.866782,806.198946,1.520596,530.833355,791.590001,-0.873216
524.884731,805.794962,1.521893,528.891469,791.172225,-0.875521
522.901640,805.391246,1.523784,526.948279,790.755570,-0.877101
520.917464,804.987775,1.526256,525.003378,790.341421,-0.877735
518.932089,804.584862,1.529334,523.056127,789.931944,-0.877099
516.945352,804.183014,1.533062,521.107198,789.524647,-0.875636
514.957008,803.783056,1.537545,519.157003,789.118111,-0.873609
512.967610,803.383115,1.542490,517.205716,788.711764,-0.871114
510.977881,802.980785,1.547559,515.253625,788.304794,-0.868238
508.988450,802.574166,1.552573,513.300989,787.896499,-0.865008
506.999726,802.162110,1.557526,511.348247,787.485712,-0.861462
505.011857,801.744540,1.562634,509.394972,787.074157,-0.857118
503.024786,801.321968,1.568207,507.439491,786.667791,-0.850771
501.038868,800.893808,1.574346,505.481884,786.266502,-0.842245
499.054380,800.459570,1.581067,503.522234,785.870421,-0.831351
497.071393,800.019663,1.588425,501.560460,785.480102,-0.817930
495.089730,799.575270,1.596458,499.595483,785.099397,-0.801381
493.109021,799.128212,1.605190,497.625823,784.733296,-0.781078
491.128811,798.680430,1.614546,495.654121,784.373625,-0.758690
489.149800,798.230157,1.623821,493.685197,784.005510,-0.737126
487.173484,797.773020,1.631905,491.722551,783.618608,-0.718557
485.200772,797.306515,1.638110,489.768472,783.206408,-0.704460
483.232121,796.829424,1.642113,487.823786,782.766997,-0.695427
481.267508,796.341876,1.643940,485.888024,782.302280,-0.691211
479.306706,795.844530,1.643875,483.961052,781.812992,-0.691581
477.349894,795.336627,1.642076,482.042345,781.300968,-0.695944
475.397211,794.817648,1.638832,480.130672,780.769984,-0.703249
473.447845,794.289817,1.634951,478.223980,780.226154,-0.712024
471.500355,793.757164,1.631512,476.318632,779.680085,-0.720035
469.553105,793.224219,1.629638,474.413274,779.135481,-0.726299
467.604898,792.694148,1.630090,472.509571,778.587261,-0.731371
465.657088,792.162765,1.632298,470.607614,778.035075,-0.735148
463.711828,791.623843,1.635224,468.707650,777.478066,-0.737695
461.770522,791.073278,1.638131,466.809709,776.916118,-0.739076
459.833975,790.508917,1.640521,464.913541,776.349848,-0.739289
457.902531,789.929916,1.642103,463.016175,775.787335,-0.737144
455.976304,789.336016,1.642673,461.119942,775.221918,-0.733991
454.055425,788.726923,1.641997,459.226920,774.647776,-0.731007
452.139432,788.104014,1.640160,457.337740,774.063107,-0.728691
450.227090,787.470589,1.637608,455.452556,773.467489,-0.727267
448.315765,786.833573,1.635404,453.570869,772.862259,-0.726581
446.402670,786.200205,1.634708,451.692846,772.246916,-0.726749
444.488246,785.568868,1.635213,449.818585,771.621246,-0.727801
442.575641,784.931165,1.635494,447.948455,770.984282,-0.729845
440.668187,784.278413,1.634133,446.082355,770.336303,-0.732751
438.768132,783.604941,1.630306,444.219456,769.679520,-0.736057
436.876083,782.909519,1.623983,442.357868,769.018740,-0.738815
434.992106,782.192417,1.615441,440.497402,768.354367,-0.740832
433.113793,781.459969,1.605969,438.638028,767.686539,-0.741925
431.238317,780.719568,1.597018,436.780886,767.012500,-0.742439
429.362260,779.979869,1.590175,434.924931,766.334969,-0.741809
427.481250,779.251504,1.587270,433.069150,765.656650,-0.739515
425.592836,778.540276,1.589188,431.215458,764.973016,-0.736339
423.698739,777.841696,1.594976,429.365946,764.279310,-0.733197
421.802745,777.146551,1.602797,427.521194,763.574448,-0.730423
419.906946,776.449770,1.611520,425.681807,762.857216,-0.728427
418.014178,775.744641,1.619785,423.848068,762.127212,-0.727502
416.127485,775.024172,1.626242,422.019860,761.384865,-0.727778
414.249445,774.282564,1.629821,420.196341,760.632207,-0.729036
412.379508,773.521444,1.630831,418.376800,759.870897,-0.731071
410.515689,772.745443,1.630146,416.561970,759.099332,-0.734127
408.656517,771.958086,1.628517,414.750885,758.319700,-0.737745
406.799219,771.165636,1.627167,412.941612,757.536350,-0.741006
404.940853,770.374550,1.627379,411.136837,756.743351,-0.744762
403.083451,769.580209,1.628476,409.337198,755.939420,-0.749024
401.228819,768.778726,1.629914,407.541642,755.127059,-0.753179
399.377157,767.969786,1.631744,405.749024,754.308870,-0.756627
397.527754,767.155042,1.634317,403.958896,753.485946,-0.759079
395.681447,766.332829,1.637364,402.168211,752.664788,-0.759394
393.839888,765.499959,1.640283,400.375349,751.848755,-0.757069
392.004187,764.654303,1.642592,398.581984,751.034213,-0.752902
390.174918,763.794909,1.643975,396.790988,750.215132,-0.748170
388.352597,762.920924,1.644121,395.004420,749.387250,-0.743858
386.536336,762.034321,1.643218,393.224657,748.545800,-0.740987
384.723908,761.139570,1.641936,391.452112,747.690008,-0.739807
382.914390,760.238410,1.640519,389.687519,746.818517,-0.740590
381.107357,759.331630,1.639100,387.930999,745.931199,-0.743330
379.299362,758.425757,1.638858,386.181886,745.029543,-0.747654
377.489979,757.521407,1.639956,384.438941,744.116091,-0.752978
375.680263,756.616349,1.642070,382.698834,743.197373,-0.758041
373.872479,755.706161,1.644463,380.958848,742.278547,-0.761851
372.069026,754.786356,1.646382,379.221613,741.354553,-0.765302
370.271145,753.854731,1.647451,377.489185,740.421547,-0.769079
368.481350,752.906806,1.646906,375.761516,739.479721,-0.773161
366.699685,751.942814,1.644839,374.038325,738.529650,-0.777435
364.925477,750.964204,1.641583,372.318082,737.574216,-0.781335
363.157316,749.973817,1.637743,370.599983,736.614869,-0.784542
361.393298,748.975303,1.634075,368.884047,735.651604,-0.786987
359.631030,747.973000,1.631439,367.171998,734.681426,-0.789126
357.869041,746.969609,1.630376,365.463765,733.704581,-0.790850
356.109634,745.961093,1.630149,363.758015,732.723554,-0.791636
354.351685,744.949506,1.631130,362.052490,731.742301,-0.790778
352.593952,743.937066,1.633647,360.349494,730.756848,-0.789033
350.838425,742.920372,1.636962,358.650705,729.764464,-0.786976
349.087025,741.896241,1.640357,356.956868,728.763947,-0.784929
347.341389,740.862023,1.643195,355.268089,727.755244,-0.783006
345.603237,739.815052,1.644889,353.583956,726.739060,-0.781228
343.875167,738.751220,1.644591,351.902274,725.718991,-0.779053
342.156722,737.671606,1.642442,350.223201,724.694670,-0.776683
340.446703,736.578301,1.638811,348.548947,723.662486,-0.774910
338.744815,735.471931,1.633784,346.881969,722.618507,-0.774521
337.049269,734.355414,1.627899,345.222647,721.562237,-0.775633
335.357784,733.232404,1.621837,343.569202,720.496528,-0.777666
333.667092,732.107843,1.616554,341.921624,719.421449,-0.780544
331.976536,730.982607,1.612239,340.282177,718.333599,-0.784806
330.287804,729.853998,1.608430,338.651047,717.232864,-0.790378
328.600957,728.721901,1.605159,337.027775,716.120124,-0.796976
326.916748,727.585164,1.602293,335.410551,714.998259,-0.803960
325.236310,726.442177,1.599619,333.795580,713.872993,-0.810158
323.559846,725.292720,1.597221,332.180877,712.747233,-0.814992
321.887129,724.137270,1.595279,330.569716,711.616225,-0.819340
320.217935,722.976229,1.593940,328.964136,710.477125,-0.823719
318.550280,721.812554,1.593794,327.364362,709.329764,-0.828066
316.883736,720.646835,1.595018,325.771020,708.173445,-0.832438
315.220320,719.476296,1.597103,324.181090,707.012573,-0.835860
313.560692,718.300148,1.599937,322.593904,705.848148,-0.838043
311.905574,717.117542,1.603402,321.010173,704.679288,-0.839124
310.257224,715.925637,1.606943,319.425501,703.512069,-0.837929
308.617220,714.722508,1.610154,317.837925,702.349083,-0.834050
306.985328,713.508836,1.613071,316.249403,701.187587,-0.828221
305.361153,712.285327,1.615666,314.662835,700.023660,-0.821465
303.741203,711.056710,1.618623,313.081279,698.853250,-0.814832
302.125169,709.823351,1.621742,311.506697,697.673837,-0.809085
300.514808,708.582862,1.624268,309.941941,696.481768,-0.805166
298.908599,707.337159,1.626337,308.389567,695.273838,-0.803865
297.307611,706.084691,1.627482,306.849125,694.050743,-0.805111
295.716799,704.819175,1.626406,305.317670,692.816243,-0.808176
294.138367,703.537927,1.622661,303.794941,691.570647,-0.812970
292.577212,702.235015,1.615243,302.278582,690.316906,-0.818823
291.035429,700.908287,1.603947,300.771406,689.051538,-0.826313
289.502009,699.571445,1.591767,299.261483,687.789116,-0.832261
